JobRole,risk_rank,risk_share_pct,Driver,EffectSize,recommended_action,HighRiskValue,LowRiskValue,Gap,matched_onet_title,ai_exposure_score,workforce_strategy_category,final_hcrl_recommendation
Sales Executive,1.0,32.75376308539107,YearsWithCurrManager,0.5574587080490502,Improve manager retention and leadership stability,3.723926380368098,5.631901840490798,1.9079754601227,Sales Managers,0.6798811084894604,Human-Centered Protected,"Improve manager retention and leadership stability This role appears human-centered, so prioritize retention, leadership continuity, and workforce stability."
Laboratory Technician,2.0,14.860919485695288,YearsWithCurrManager,0.6091740715065126,Improve manager retention and leadership stability,2.2846153846153845,4.317829457364341,2.0332140727489563,Medical and Clinical Laboratory Technicians,0.5887451165965243,Mixed / Transitional,Improve manager retention and leadership stability Redesign workflows and identify specific tasks that can be AI-assisted without replacing the whole role.
Manager,3.0,12.460958466800577,EnvironmentSatisfaction,0.4594474314822994,Improve workplace culture and employee experience,2.5098039215686274,3.019607843137255,0.5098039215686274,General and Operations Managers,0.6328132263140701,Human-Centered Protected,"Improve workplace culture and employee experience This role appears human-centered, so prioritize retention, leadership continuity, and workforce stability."
Research Scientist,4.0,10.626008266846956,YearsWithCurrManager,0.3716825907546717,Improve manager retention and leadership stability,2.664383561643836,3.7534246575342474,1.0890410958904106,Computer and Information Research Scientists,0.7478580615197046,AI-Augmentable Knowledge Work,"Improve manager retention and leadership stability In parallel, prioritize AI-assist tools and reskilling rather than direct automation."
Manufacturing Director,5.0,8.829291639545833,JobSatisfaction,0.4940296688271099,"Review compensation, recognition and career development",2.4246575342465757,2.9444444444444446,0.5197869101978694,Industrial Production Managers,0.5718672124887734,Mixed / Transitional,"Review compensation, recognition and career development Redesign workflows and identify specific tasks that can be AI-assisted without replacing the whole role."
Healthcare Representative,6.0,6.939703098246704,YearsWithCurrManager,0.475079822192897,Improve manager retention and leadership stability,3.742424242424242,5.415384615384616,1.6729603729603737,AI mapping unavailable,,AI mapping unavailable,Improve manager retention and leadership stability AI strategy unavailable until a reliable O*NET match is confirmed.
Sales Representative,7.0,5.371325074730258,JobInvolvement,0.6883204542434501,Increase employee engagement and ownership,2.4047619047619047,2.902439024390244,0.4976771196283391,"Sales Representatives, Wholesale and Manufacturing, Except Technical and Scientific Products",0.5061868528034035,Mixed / Transitional,Increase employee engagement and ownership Redesign workflows and identify specific tasks that can be AI-assisted without replacing the whole role.
Research Director,8.0,4.43766744557744,JobSatisfaction,0.559656911894097,"Review compensation, recognition and career development",2.4,3.0,0.6000000000000001,Natural Sciences Managers,0.650399615987028,AI-Augmentable Knowledge Work,"Review compensation, recognition and career development In parallel, prioritize AI-assist tools and reskilling rather than direct automation."
Human Resources,9.0,3.7203634371658736,EnvironmentSatisfaction,0.871726799772221,Improve workplace culture and employee experience,2.1538461538461537,3.0384615384615383,0.8846153846153846,Human Resources Managers,0.6381339445676826,Human-Centered Protected,"Improve workplace culture and employee experience This role appears human-centered, so prioritize retention, leadership continuity, and workforce stability."
